Source_id,Sentence_en
1,Eclipse also helps the programmer in error detection.
2,"""But as it is written I have spoken in the name of the God of faith so also we speak in the faith of the Spirit of faith:"
3,Then it will automatically search for the driver. I will click on Cancel.
4,For all iterations i.e. iterator is set for each index value 1 1 then 1 2 and so on.
5,"""And I heard that the second beast which he had redeemed came and dwelt in the sea."
6,We have learnt that objects store their positions in fields.
7,Child has faith in you all.
8,Observing nature can take you by surprise.
9,"""And remember how ye kept his commandment and feared him and feared him: for his mercy aboundeth among you."
10,"""A part of the rainwater gets absorbed in the soil by drying up and it gets collected and becomes water."
11,They saw the book.
12,Grandfather came from the library.
13,Again go to the top right corner and click on 7 in the tab 0 to 9.
14,The Align and Distribute dialog-box opens on the right side of the interface.
15,Click on the line number to set the breakpoint.
16,Here we have done the same for Borrowed Books.
17,"""The classical period is defined by Patanjali's Yoga Sutras the first systematic presentation of yoga."
18,Those are sticks.
19,Apache MySQL and PHP obtained through XAMPP 16.04
20,Here we can give the correct title to our document.
21,The army follows them.
22,1. Where are the cells found
23,We can add shortcuts to the launcher.
24,The height of the hive should be such that there is a lot of vegetation in it and cows can not eat.
25,"""A variety of modern materials are also used for making utility items like cutlery pens televisions refrigerators televisions cars etc."
26,You can also prevent insects and other insects.
27,Be prepared for all the views.
28,Boy displays affection in you.
29,"""And thou knowest that all the Asiatic people have forsaken me: and there is a swelling fire among them."
30,In this tutorial I am using the topic: Indian Journal of Microbiology
31,Publisher Collection title
32,The second step is to keep the soles of the feet together.
33,I de-select the Gradient by selecting a small brush and select my best colours.
34,Next we forward to the successUser page.
35,Trees and plants grow according to different rules.
36,"""Therefore ye are no more strangers neither strangers: but ye are fellow-citizens with the saints and sojourners with God."
37,"""The tribal dances are usually performed in groups and there is a special arrangement for each season."
38,"""There is none else both among the Jews and among the Gentiles: for the Lord who is one is the same to all men and to all who obey him."
39,So to avoid these problems remove harmful pesticides from your garden area.
40,Close the Basket (Order
41,Idli is digested by moist heat.
42,"""And it came to pass when they had heard of Surpanakha when they came to war Kharapushnu and Trisharadina slew two of their brethren Rama."
43,With this we come to the end of this tutorial.
44,These are the differences between methods and constructors.
45,Pandavas also blew conch shell.
46,reading data from a file e.g. fp = fopen (txtr
47,For details please write to contact@tutorial.org
48,Now enter the password for Moodle Administrator. You must follow the password rules shown here.
49,When extracted I rename the FrontAccounting file to account.
50,"""And the Gentiles and the children of Israel assembled themselves together."
51,Welcome to Meet the GIMP.
52,Before using a variable it should be declared.
53,We can see the serial number of the jdk.
54,As we can see Course Category is Mathematics.
55,Let us see how to create a simple Java web project using NetBeans IDE.
56,"""Today is the death of Acharya Drona."
57,We are walking.
58,But with the effect of time I will just fill in duck for Full Name and leave the other details blank by pressing Enter.
59,Stand or sit in a comfortable position.
60,"""And it came to pass as they journeyed that they began to cast their garments on the way."
61,In the perspective type: INKSCAPE.
62,Type u and press Enter.
63,Next let us work through the for loop.
64,We will see again next week. Let us recap.
65,Clean the area where plants and other food items are kept.
66,Samvrtah: One who is covered by the veil of ignorance.
67,If you do not have good bandwidth download and watch it.
68,Use double threads and join one stitch to the other to create a strong stitch.
69,The back of the left hand should be in contact with the spine and the right palm should be opposite to the spine.
70,Change the layer name to CD template.
71,It cures many water borne diseases.
72,Enemy is covering.
73,In the Services window right-click on the Databases node.
74,Here the error changes.
75,We will stop here.
76,"""And on the sixth day they cut off the skin of the child and called his name Zacharias after the name of his father."
77,So the controller goes to displayMessage.
78,Now we can insert this document inside.
79,Woman is decorating.
80,Is it necessary to study Geeta today?
81,"""Even though there was no success in it there was no success in making any metal of gold."
82,"""Stand the knees on the floor pull the abdomen in and sit back with the buttocks resting on the heels."
83,We will call the removeFromCheckout method later.
84,Boy will take the bag.
85,"""But as the Lord commanded There is neither male nor female neither is there any female."
86,Make a list of hand sewing tools and sewing techniques.
87,4. Leaves - They are usually green in colour and make food for plants.
88,I just click on her to come out of the box.
89,We have drawn a rectangle.
90,"""Hanumata is the wisdom of Sita in Lanka."
91,In a brief tutorial we learnt about subclassing and method overriding.
92,"""That is why the goddess Artemis profited greatly by building silver temples for the benefit of all the builders: Demetrius called Nadindham."
93,This tutorial is designed to help you understand the nutrient and health benefits of various types of cooked and socially processed food items.
94,Now let us learn to install software using Synaptic Package Manager.
95,They can be unicellular or multicellular.
96,Click on View this Journal Entry link.
97,Who is Makara?
98,She listens.
99,So the regular expression abc will be concatenated to a or b or c.
100,"""Water was made available to them for drinking cooking washing clothes etc."
101,"""None of the rulers of this world had this knowledge: for if they had known it they would not have crucified the Lord."
102,"""For we see that the use of food does not manifest itself in nature."
103,"""And he removed them from the judgment seat."
104,"""And he answered and said unto me Take up thy bed which hath made me whole: and walk."
105,Go to the location where the logo is saved.
106,Sitting postures are Siddhasana Gomukhasana Ardhamatyasendraasana and Mayurasana.
107,These are asanas.
108,Krishna is the omniscient god.
109,Monkeys eat fruits.
110,Who are the warriors?
111,Click on the array at the bottom right.
112,They stimulate the senses.
113,"""And Jesus appeared unto his disciples the third time after he had risen from the dead."
114,There are many rooms in this house.
115,Now let us add Service tax. Before that we have to create a GL Account for Service tax.
116,In an old tutorial we learnt a bit about bookmarks.
117,Now press Enter. To execute type dot slash if1 and press Enter.
118,Let us learn about input output functions and timestamp functions.
119,Next we will parse book/id as Integer from id.
120,"""But when the seventh angel shall sound his trumpet then shall the secret counsel of God be fulfilled as it hath been revealed unto his servants the prophets"
121,But to redirect the error stream you can use 2 right angle brackets or 2 double right angle brackets.
122,Now we can see the names of the users in the id field.
123,Vishuddhatma: One who has no three qualities.
124,We can send the maximum number of names to 500 people in a day.
125,This class will have variables representing the following details: Name of the service station
126,You all are cowards.
127,Who was Maricha?
128,Save and run the program. We can see that the value is reduced to zero.
129,In the sub-field a Classification number type: http://www.txt.
130,Now let us see the common errors that occur.
131,It improves blood circulation throughout the body.
132,How to check an index sequence in a multidimensional array for any of these
133,Draw an odd circle of pink colour and a circle of black colour.
134,Error dialog box and Shortcut keys.
135,Let us come here. Let me delete this and now I will add the figures.
136,You must have heard the name of http://google.com.
137,Here we can see that the write permission has been removed completely.
138,Read the License Agreement carefully.
139,It contains the necessary files to prepare the basic LaTeX documents in Windows and TeXworks is the default editor available for MikTeX.
140,We can see block diagrams without mathematical expressions.
141,We both speak.
142,Internet connection should be good.
143,And the program should have ended.
144,Using the elbows to lower the legs bend the knees slightly upwards.
145,These simple lines are the foundation of your drawing.
146,Krishna establishes the chariot.
147,I have already explained creating equations in the Spoken Tutorial that I have created.
148,The Spoken Tutorial project is a part of the Talk to a Teacher project.
149,Koha automatically selects Spoken Tutorial Library.
150,"""And all that were in the Sanhedrin looked steadfastly on him and saw his face as the countenance of an angel."
151,Go to the browser and open your Moodle site.
152,You can type the title of your journal here.
153,And these keys can be used for other selection tools.
154,More information on this mission is available at this link.
155,However Internet Explorer should not be used as it does not display properly.
156,At the prompt type the date space plus percentage symbol with a small h and press Enter.
157,Let us learn what an interface name is.
158,Say the name of the simplest and most subtle living entity on earth.
159,Move the fingers backwards.
160,"""And a great voice came out of heaven saying Father glorify thy name: and I will glorify thy name again in heaven."
161,"""Some common leaves which are used for serving food are-Platten leavesBustardTick leavesRinicumCuminum leaves Caltropis leaves Castor leavesSehitmilkeycup leavesLotse leavesDahitanscrewpine leaves Stereo Swarapmasawalling leaves etc."
162,"""And then shall men seek death and shall not find it: and they shall desire to depart from death: but death shall flee from them."
163,I think.
164,ENVIRON - represents an array of shell environment variables and their values.
165,We have kept the part outside and there is a person sitting there.
166,This is a GUI for using the apt-get command line.
167,Keep the legs about 10 inches apart and the hands between the knees.
168,Let's see what happens in the same file.txt.
169,"""And he saith unto them Behold they will come together to do the will of him: and the second thing he saith unto them To confirm the word."
170,explain the meaning of folk dance
171,So I can drag the black point till here.
172,"Extract the gene ""HIV1gp3 at position 4587 to 5165 from the HIV genomic sequence."
173,"""Then spake Jesus unto them saying Lazarus is dead:"
174,"""Whosoever doeth evil when he seeeth his doings let him shine and let him not be ashamed."
175,Now we will see how the system performs.
176,Now click on OK and close the dialog box.
177,It summarizes the Spoken Tutorial project.
178,Then select Step Over. The value that is imported into the constructor is set to 10.
179,Read the Dhyana shloka.
180,"""Today what does Bhavana cook at home?"
181,Welcome to the spoken tutorial on grep command.
182,Next under Description we see 2 fields namely Course Summary and Course Summary files.
183,That is lokayagna.
184,It uses both graphics and color packages. We have to refer to LaTeX to understand this requirement.
185,Now instead of the printf statement we use the cout statement because we use the cout function to print a line in C++.
186,"""3. ""The food came down from his mouth and he put his finger on it like a sack"
187,Write down the traditional methods of water purification.
188,So I select the interpreter and correct the errors.
189,"""There also space studies planetary movements counting eclipses calculating stars etc. are discussed in detail."
190,Therefore while doing this practice your breathing rate should also be 30 to 35 breaths per minute.
191,Spoken Tutorial Project is a part of the Talk to a Teacher project supported by the National Mission on Education through ICT MHRD Government of India.
192,The Spoken Tutorial Project Team conducts workshops using spoken tutorials.
193,"""But when he hath made a gift he saith unto them God is not against the proud but unto us it is given for a gift."
194,"""Sattva one who has Sattva as a manifestation of Srutta."
195,Slowly bend the right arm until it reaches the right leg.
196,Teacher calls the boys.
197,Write two types of external body parts cleaning.
198,"""And when they had great wrath they laid hold on the apostles and bound them in the prison of the netherworld."
199,So I will create a new layer and name it white and select White in Layer Fill Type and then I will reduce the opacity value so that we can see through the image.
200,Atman: One who dwells in the Self.
201,Some of the tribal dances of India can be described with examples.
202,Now add the using statement.
203,Enough.
204,There should be enough space to play this game.
205,"""Therefore take heed what ye say Whosoever abideth shall be recompensed but whosoever abideth not shall have what he hath."
206,This is because we did not initialize the values of the variables.
207,Now press ctrl and z keys twice to undo this action.
208,Click on the Selector tool.
209,I will give this garland.
210,"""As soon as you inhale your stomach moves out and as soon as you exhale the stomach sinks."
211,Now let us invoke the Show Data method to print the details of the enrolment.
212,Click on View menu and select Properties option.
213,To use the tools properly record the text using the maximum resolution.
214,It automatically calculates Total as 4000 and Actual cost as 0.00.
215,Use guidelines and set them.
216,The Provision field is used by a Sales Person.
217,"""And his disciples said unto him Where shall we find grass to bury the dead in this wilderness?"
218,Boy has friendship on that.
219,In the list shown there is an application named Videos.
220,"""As it is written in the book of Hosea I will say unto the people that were not mine I will say unto the nation that loved me I will love it."
221,You can install KTouch from the Ubuntu Software Center.
222,Child has faith in these all.
223,For Grace period I will select 15 day (s.
224,"""Your doings are mine to afflict and to afflict: but I know that ye are rich and are not Jews but are the synagogue of Satan and blaspheme them that say they are Jews."
225,"""Bhagavan Shrikrushna says in the Gita:"
226,It is a physical exercise by which a person runs in one motion.
227,Explain what is true and what is false in the following sentences with the help of symbols.
228,"""But if any man do these things he doeth them out of the heart."
229,At the prompt type: date space plus percentage symbol with capital T and press Enter.
230,"""The king called some Brahmins and said ""My mother's last wish was to offer mangoes to Brahmins"
231,"""And the whole mountain became a forest."
232,Do you know Geeta
233,The next setting is Hidden sections. These are the topics that are kept private for the students in the course.
234,Those two are monkeys.
235,The first step here is General Ledger Account Classes.
236,"""And now he hath reconciled you whom he hath cast out and cast out of his heart who were once far off into the body of his flesh."
237,But it is not so with impurities.
238,"""Salute Trophaeus and Phinehas which labour hard in the Lord and Persia which loveth much which labour diligently in the Lord."
239,"""It is a relaxed, continuous and peaceful exercise."
240,"""Most human activities are harmonious in nature and there is no influence or negativity in nature."
241,It should not be heavy or wobbly. It can irritate the body and spine.
242,The product of five and two is ten point zero.
243,Son: What is the matter with them?
244,In the emacs editor which we have already opened we can see the following.
245,Feel the continuous stretch in all parts of the body.
246,"""O people of Israel the Lord our God is one"
247,"""Vedic works like Rigveda Yajurveda Maitreyi Samhita Grihasuktam Smrutis and Dharmasutra have many mantras related to cows."
248,Click on the folder to see the contents of that folder.
249,Look for two square handles and two circle handles or arc handles in the figure.
250,"""When the food is kept in an elevated position it is called buffet arrangement."
251,"""And he wrote Greetings apostles elders and brothers which are in Antioch Syria and Cilicia."
252,These are armies.
253,However it should not be a direct access to the web for security reasons.
254,"""And Paul called unto him one hundred captains and said unto them Let it be so lest there be an affliction of this young man among a thousand captains."
255,"""I always forget to write so I do."
256,Google Calendar....
257,"""And when he had kindled a fire he caused the multitude to pray"
258,Then click on Koha Administration.
259,"""Sansam is a foul smell."
260,"""I have written unto you to prove yourselves that ye receive not all things that I command you."
261,A new page opens.
262,It is also necessary to have knowledge of Terminal Text Editor Synaptic Ackee Manager in Linux.
263,For example in a two dimensional array the element is identified by a two index sequence.
264,Those are Sanskrit houses.
265,Save the image as a.cml file.
266,Type 4.
267,"""Some people buy things in a small area of the house with people who need them."
268,It increases your concentration and calms the mind.
269,In the practice of Bhramari use Na-Kara and not Ma-Kara.
270,"""By faith they subjugated kingdoms performed righteousness reaped the rewards of their promises and stopped the mouths of lions."
271,"""And his disciples came unto him saying What parable sayest thou unto them?"
272,Add the number 2 before the name.
273,We have to open the terminal.
274,Now let us try the Partition. Remove the asterisk and type the slash symbol.
275,"""Distributing Food India is a country of unity in diversity India has diversity in languages places climates religions and cultures. Similarly food is also diverse."
276,See this is not possible to draw a curved line.
277,Now click on the recently uploaded file.
278,"""And certain Jews came from Antioch and Iconium and stirred up the people and stoned Paul and brought him out of the city saying He is dead."
279,As a result of this some of the images will look better.
280,This tutorial is to create a simple web application
281,But I can change it by changing the color. The shortcut key for that is'X'. Let me make it a bit darker here.
282,But non-static blocks cannot be parameterized.
283,It can be started from the main method.
284,I am using Firefox web browser and active web browser.
285,Let us see the action of the code.
286,"""1. Seed germinates when there is sufficient water oxygen and temperature in the seed."
287,"""And the servant of the householder came and said unto him Sirs in what field hast thou sown fine seed? and hast thou made a garden?"
288,General Hand Sewing Skills
289,"""And when John was bound in prison Jesus came into Galilee and preached the gospel of the kingdom of God saying"
290,Now let us see how the code works. Save and run it.
291,Go to the menu items Applications Programming and Netbeans IDE icon.
292,"""And thou shalt receive a blessing and shalt repay it: for thou shalt receive a reward in the resurrection of the dead."
293,And I will show you the code for this.
294,Rama reaches Ayodhya.
295,"""And there was found there a certain man which had been bedridden for many years and was paralyzed: and he said"
296,Then we iterate through the result set.
297,The output shows the number of alanines present in the dna2 sequence.
298,GIMP uses many small windows like Windows and Macintosh programs.
299,The word food means anything that we eat or drink which nourishes our body.
300,Let us go back to the position where we want to place the box.
301,"""And if the son shall ask for bread he shall give him a stone: and if he ask for a fish he shall give him a serpent."
302,Simultaneously make tight fists in the forward direction with the palms.
303,Now let us learn to give a stroke or outline to an object. To do so we will use the Stroke paint tab.
304,Bharata prayed earnestly to Rama as the Supreme Personality of Godhead.
305,Scroll down and click on Save and display button at the bottom of the page.
306,Right-click on Open. From the context menu select Events Action Action Performed.
307,"""And when it was evening Jesus went out and his twelve disciples with him."
308,Even today cows are worshipped.
309,"""For as the blood of the prophets was shed upon the earth from the foundation of the world even so the punishment of this generation shall be upon them: verily verily I say unto you the punishment of all generations shall be."
310,"""Who is this that blasphemes against another servant? To his lord he shall be exalted or deposed and he shall be exalted that God may exalt him."
311,And close the document.
312,"""Garuvar and Bhavana said If the sun is one star how can it not be seen at night and the stars shine at night asked the king."
313,Next we will call incrementAvailableCopies.
314,Now switch to 310 CURRENT PUBLICATION FREQUENCY.
315,There are plants around the pond.
316,"""Everyone should dig the soil and make the air flow suitable for them."
317,"""Start gazing with both the fingers together."
318,"""And there arose a controversy among them as to which of them should be accounted the greatest."
319,Keep the hands slightly away from the thighs with the palms facing upwards.
320,Snake is hiding in the bushes.
321,"""For my life is poured out and the hour of my going out is at hand."
322,Those are the eyes.
323,"""The breathing process of the abdomen thorax and abdomen is called the complete compound breathing."
324,This method allows us to see the objects around us.
325,We are now in the Welcome page.
326,Tomorrow I will go to Sanskrit Shivir to study Sanskrit.
327,Right-click on the Exit menu item.
328,Less than e.g. a less than b
329,We will learn about other options in the Align and Distribute dialog box in the coming tutorials.
330,This output is coming from your a++.
331,As long as the condition is true it executes the last statement and then increments and the loop repeats.
332,Now it is known that both the objects are selected.
333,"""Therefore one should not eat fat in food."
334,Add the final keyword to the name variable. We have now changed the variable name to final.
335,Now I have all the files in my folder. So I close the Archive Manager and close the folder here and come back to the GIMP.
336,This command will count the number of blank lines we have. This is because every time a blank line appears x is incremented and printed.
337,He taught all the techniques of warfare.
338,Let us now define the showDetails method. Then type: public void showDetails.
339,Click on Add stop to add another color in between.
340,"""But when thou giveth shew not thyself to the left as thou doest to the right."
341,"""And there is one high priest which is the head of the household of God."
342,We have learnt that a variable and a method together constitute a member of a class.
343,Wealth should be protected from theft and violence.
344,For example we will put it directly in the center environment.
345,Akaash (Space
346,The boys listened to the story.
347,"""And he sent Jesus unto Herod the king of Galilee where he was then."
348,"""And ye shall heal the sick in his city: and ye shall preach the kingdom of God which is come at last."
349,I will type: Patel Arvind H.
350,"""Sohrai and Bandhana are performed to show the richness of animals during the months of'October-November'."
351,Let me leave the Shipping cost blank.
352,We have already deleted the processRequest.
353,This opens the quiz for the given date and time.
354,Now let us use the Greater than operator.
355,You are Bhindi.
356,Lastly click on Save changes button and then on Done button.
357,Click on Units drop-down list and let us modify it as per our requirement.
358,"""When logged in the blocks contain details that people want to see."
359,"""He was shocked to see the place where he lived it was very dirty."
360,A soldier dies on the battlefield.
361,It is very useful in improving eyesight.
362,There are thousands of kinds of living things on earth.
363,Click on the drop-down list for Blend mode. There are five options here.
364,Do not select any other option.
365,"""And the second reason is soil water according to the soil less water if it is raining and more water if it is not raining."
366,"""If it were any organ where would it be in the body?"
367,Type return 0 and place the curly brackets at the end.
368,Animals are classified as follows:
369,"""Mother cooks different kinds of food everyday and on festivals which we feel happy after eating."
370,The Spoken Tutorial project is a component of Talk to a Teacher.
371,Now in the terminal type:
372,To optimize select Auto Optimization Tool from the tool bar.
373,The following options are disabled for flowed texts.
374,"""And after three days Paul called unto him the chief Jews that were at Jerusalem: and when they had reasoned with him he said unto them Men of Jerusalem have taken me captive and delivered me into the hands of the Romans."
375,In the Screen mode the colors are reversed first and then multiplied and folded and glued.
376,I will select the Scale tool and save the aspect ratio. I will drag the Scale window from the block.
377,Boy displays kindness in them.
378,Devotees of Krishna do not bow down.
379,One Lesson assignment:
380,"""Bhagavatha said Rama his name is Sahasranama."
381,There are two basic characteristics of human beings.
382,Under Categories select Java.
383,"""Yes Master this is a circular image of the earth."
384,"""Do not scatter the holy things among the Gentiles neither cast ye yourselves open unto the multitudes: for when ye are cast out they shall scatter them with every footstool and shall turn again and scatter you."
385,As we can see it is the condition that creates the illusion.
386,Let us see what happens if the value of n is 0.
387,For self practice
388,Select the Start Date and End Date of the exchange to see the circle.
389,Fire exists as the energy of the universe.
390,Now I will scale the image.
391,The Create Table dialog opens.
392,Boy displays humility in you.
393,Who all are around you?
394,But a static method can only access and modify static variables.
395,"""In this Veda prayers and knowledge are given more milk than cows with your help."
396,This indicates that another Apache instance is running here.
397,We can see a square handle and a circular handle on the image.
398,Let us now learn the difference between instance method and static method.
399,"""Because of the hardness of their hearts they did not depart from the wonderful works of the Lord."
400,Here you can see Created With GIMP and Loop forever.
401,It is named after Bhillamacharya.
402,He will eat only fruits.
403,From the Folder drop down menu select Bookmarks toolbar.
404,So our header file is http://www.txt.
405,mixed
406,You said country.
407,And it is not less than 40 also.
408,"""Halestine Friesian This is a reddish-brown cow."
409,"""And the sin which the father sinned against even the sin which death reigned over them from Adam even unto Moses is the sign of the future of Adam."
410,But if you do it yourself using GIMP you can control the sharpening. I will show you how to do this in today's tutorial.
411,Let us rename the header file www.txt to iostream.
412,This is a chariot.
413,You both are eloquent.
414,"""Jacob and John his brother Andrew Philip Bartholomew"
415,"""A healthy adult shakes more than once in sixty minutes."
416,And type the filename as ST-CD-label and click on Save.
417,"""For I say unto you that we speak as if ye were weak but I say unto you that if any man be strong he shall be strong also."
418,Click on Calculus course. Scroll down to see the details of the course. Click on Enrolled Users.
419,"""And the wives of them that were committed to the will of God departed from their custom and walked contrary to it."
420,Do not create the main class but manage the main project.
421,Then click on Add random question button.
422,Devotees gather around the temple.
423,In this tutorial we will learn to set Global System Preferences to customize Library OPAC.
424,Next let us see what the Status bar does.
425,"""For I say unto you That by his mercy Jesus Christ suffered the law of circumcision in order to make known the merits of God unto the Gentiles as it is written I stand before the Gentiles: I will praise thee in thy name O God."
426,1.Which is another name for nutrition?
427,"""Yogi looks for God everywhere."
428,"""If I had not come unto them they would have had no sin: but now there is no way to blot out their sin."
429,INTEXT QUESTIONS
430,From the drop-down I will select Author (A-Z.
431,A donkey needs space to live in.
432,"""For thou art a true warrior even as Jesus Christ."
433,"""And it came to pass when the two of them were come together that Moses went unto him and desired to see him and said unto him Sirs why do ye your brethren wrong one another?"
434,Your assignment is as follows-
435,Now let me execute this command.
436,The Spoken Tutorial Project Team conducts workshops using spoken tutorials and gives certificates to the successful participants.
437,function call by value
438,Prone pose is to lie on your stomach with face downwards.
439,You can also open your own laundry shop or take charge of a garment factory.
440,This means that the script overwrites these tables.
441,Teacher teaches everything.
442,"""Not that the word of God hath failed: for all that are born of the seed of Israel are not Israelites."
443,n then increment n = n + 1.
444,"""Why should the elect of God be judged if God esteemeth them righteous?"
445,Hold the top of the thread and bring the needle to the bottom where it was brought before.
446,"""And they crucified him both on his right hand and on his left."
447,Who killed the girl child?
448,"""And the Lord said unto him Simon behold this is the corn which I will give thee and the devils"
449,Change the line spacing to 1.5.
450,"""For this is the way of a woman which is evil in the eyes of men:"
451,To open the terminal press CTRL ALT and T keys simultaneously.
452,We both have to do.
453,The rest of the code is similar to our ID1 program.
454,The next tool is called Intelligent scissors or Scissors selection tool.
455,"""And they that were defiled and afflicted came unto him and were healed."
456,Bhishma comes seeing the Ganges.
457,E267 as the value of Employee ID and 10000 as the value of Employee salary.
458,"""And when he looked up he saw the clothes that were on him but he could not enter."
459,Now log out of your Database administrative user session.
460,It is learning Sanskrit.
461,Explain the different types of Asanas in detail.
462,"""Asanas to be performed with backbend are Virupatakarani Sarvangasana Shavasana Halasana Matsyasana."
463,You may be familiar with HTML and HTML. If not please visit our website for relevant tutorials.
464,In the next line open the flower bracket by typing else and press Enter.
465,Those are bullets.
466,All kinds of girls will provide you with all the necessary services.
467,Recall that our file name is http://www.txt.
468,"""For I am slow to forgive and slow to rebuke: therefore keep my course with you drunkenness and sighing that ye may find rest to your souls."
469,We are now in the Teachers dashboard.
470,"Now in the Price before Tax field I will enter the Price as 48,000."
471,Note that the servlet is the same as any other Java class.
472,We use this keyword to invoke another keyword inside the constructor.
473,I will increase the grid lines by dragging the slider and it will be visible very soon.
474,"""My third wish is to be endowed with self-knowledge."
475,"""For there shall come into the midst of thee all manner of wicked men as I have done in the way and shall deal treacherously against Israel:"
476,Inkscape can be opened by clicking on the logo twice.
477,"""I am thy son and am not worthy to be called thy son: make me thy bond-servant."
478,Who was Kalidas?
479,To do so type the command in the terminal and press Enter. We get the desired output.
480,"""For the work of God is not to hurt but to eat: for all things are holy but he that eateth and drinketh them is not unclean lest he stumble."
481,I will keep the danda lamp in the class.
482,"""Lichchavi king Bhaskaravarma the conqueror of the Hunas Yashodhararma Shrikrishna Devaraya (the great king of the Vijayanagara empire Lalitaditya (a great warrior."
483,Metal cutters are better than plastic cutters.
484,This is a summary of the Spoken Tutorial project.
485,We have written the code to reverse the string. We have named it as'txt.txt'. Recursive function is used to reverse the string.
486,"""Whosoever opposeth and sheweth himself as God and sitteth in the temple of God to receive from God all things that are worthy of worship let him destroy him and cast him into the hands of sinners."
487,Yoga is destroyed due to the following six reasons.
488,These are created using the same commands as in the original file.
489,"""And when the Jews saw Mary standing in the house and that she rose quickly and walked they followed her: for they said She went into the sepulchre to weep."
490,"""And straightway many beheld him and said Thou art one of them: and Peter answered and said unto him Man I am not."
491,"""The Maker of wrath the destroyer of wrath and of demons."
492,Useful for:
493,It calms your mind when you are angry or tired.
494,The story of the drama should be written according to the relevant events.
495,"""Here is a list of some Indian medicinal plants which you can plant in your home"
496,else if conditional-expression2 is true then perform action 2.
497,Makran can also be spoken as Crocodile Pose in English.
498,Move the carbon to the left.
499,"""What did Rama do to make Sugriva believe in his powers?"
500,Boy displays respect in you.
501,This is called malnourishment.
502,We also need to define the move method.
503,"""And it came to pass when he was alone his twelve disciples asked him of his last words."
504,You both are playing.
505,Observe the output. We got back the original sequence of indices.
506,Notice a little girl to the left of it.
507,Let us summarize. The topics covered in this tutorial are as follows:
508,Commands can be one step or multiple steps and they can be separated using white space.
509,To set up user accounts
510,* indicates that the previous color has been seen once or more.
511,Locate instance variables and static variables.
512,"""And Peter answering said unto him Instruct us in parables."
513,"""There is only one God Vishnu who is the Supreme Personality of Godhead. He is the Omnipresent Spirit the Omnipresent One the Omnipresent One."
514,"""And the Lord said unto her Who is this faithful steward whom the Lord hath sent to prepare a feast for his household at the proper time?"
515,Daksha: One who is adept at all kinds of activities.
516,The arrow is to move the category up or down. This is the menu and there is a gear icon called settings. This is indicated by the down arrow.
517,"""And he said unto them Be of good cheer: for I will send you into far countries."
518,Do not pollute the sky or the atmosphere.
519,If you have an idea about a field always click on the help icon to know its priority.
520,This brought oxygen into the air and opened the door for the development of many types of organisms.
521,Asanas are classified as follows.
522,"""Ach is the name of vowel letters."
523,"""In a relaxed state chant Om Mantra feel the vibrations in the body."
524,And we will learn how to add and edit nodes.
525,Shri Krishna solved the Pandavas problem.
526,Let me set this to 1.
527,Shri Krishna places Arjuna's chariot between the two armies.
528,It is commonly known as Isoprene.
529,You have misread the story.
530,They both laughed.
531,Go to the tool bar and click on Apply button.
532,Right click on the layer and select Flatten image.
533,Then print the reverse complements using the built-in method reverse complement of the sequence object.
534,The parentheses can be written as they are in the equation and used in context.
535,Click on Fill in correct responses button. This will help you to see the correct answers of the questions and options.
536,"""Learn to do good works that our people may be fruitful and not become corrupt."
537,"""But there is treasure in heaven where neither moth nor rust destroy and where thieves cannot break in and steal."
538,We have the minus c option.
539,Boy displays affection in that.
540,"""First of all let it be known to you that in the last days there shall come a scornful tyrant"
541,"""There is no need of the sun nor of the moon to give light unto this city: for the glory of God is in her and the Lamb is her light."
542,This will increase your energy. Exhale slowly and deeply. Concentrate on the energy while inhaling.
543,If we do not give any image to the logo then the Short name will be used as the logo text. We will leave it as it is.
544,"""And he went round about the villages and taught them"
545,Boy displays respect in these.
546,"""And the sabbath day was at hand and the feast day was at hand."
547,Let us demonstrate the use of static variables with an example.
548,Bandha literally means to bind. It means to join or to join.
549,It removes eye allergies and improves eye sight and concentration.
550,We have defined a constructor with two parameters.
551,Helps in the growth of blood vessels and helps in curing heart related problems.
552,So type public void showData type the following code in brackets to print the id name branch and the number of enrolled students.
553,Practice sitting in the base position.
554,Sita also wore royal clothes.
555,Now let us initialize the fields of the second object.
556,6.5 How are new plants grown?
557,Do I need a blackboard
558,Let us switch to GreetingServlet dot java.
559,It is said that the juice of water is kept in the sun.
560,To proceed further we need to create a database for FrontAccounting.
561,Notice that we did not initialize the value of x. Awk initializes x to zero for the initial value.
562,"""He that calleth you is faithful and he shall do it."
563,So I will open it.
564,You all know cloth.
565,I will adjust the opacity drop as deep as possible in the image.
566,"Customers can make deposits, miscellaneous sales etc."
567,The index finger should be above the'J'.
568,He is not a soldier.
569,"""Forgive us our trespasses as we also forgive all sinners. But deliver us from sin."
570,Let us start with the introduction to strings.
571,To use these options you have to check the checkbox next to the subcategory you want to drag.
572,The Spoken Tutorial team conducts workshops using these tutorials and certificates are given to those who pass the online test.
573,It is a state of peace or freedom from all thoughts.
574,Here is a program.
575,The village is visible from this street.
576,Write four dots to clean the goshala.
577,"""And he laid his hands on their necks and departed thence."
578,"""4. One white seed which comes out of the roots"
579,To create delete modify data and finally
580,"""Put on your sandals the zeal of the gospel of peace."
581,Here std is the namespace where the entire standard C++ library is declared. Now press Enter.
582,Check the details here.
583,"""Be content in peace."
584,These characters
585,Flowering moth. Flowering moth roams and sits.
586,Type the file name as welcome.
587,Similarly we can assign students to a course.
588,What do you eat?
589,"""The quality of the sky is words."
590,Click on Add button at the bottom of the activity chaser.
591,Then click on Enter Payment button at the bottom of the window.
592,The Table environment is floating so do not add it here. Add it directly.
593,And the converted temperature is displayed.
594,Create a class named Welcome there.
595,Attachment has two keys.
596,We also learnt about the usefulness of layers.
597,You will receive an SMS on your phone.
598,Similarly we will learn to parse data files using functions present in the sequence input output module.
599,You can see that the image size is now exactly opposite. I will reduce the opacity to 50%.
600,Come back to normal position by inhaling deeply.
601,This happens again in samsiddha.
602,In your interface you will see another value.
603,Zoom and click on the star once.
604,But at the same time the nature of industries should also change.
605,Cow also gives milk.
606,main is a special function.
607,However the date can be edited.
608,It sends the same message to all the selected students.
609,"""After studying this lesson he said"
610,In the Password text-box enter the password of your choice.
611,Instantly the recording software creates a movie.
612,This is a stick.
613,To help with the tools used in the tutorial the lesson was recorded using the highest resolution possible.
614,If I do everything else I will cut it down to the size of the screen. This is how it works on the Apple TV etc.
615,Boy displays affection in these.
616,Stretch the cavity and push it outwards.
617,It also provides certain security and privacy options to combat malicious web pages spyware viruses trojans or other nefarious activities.
618,It is also known to be a health-boosting and disease-fighting medicine.
619,The package is updated.
620,"""All the sounds of the alphabet originate from the veil of Shiva."
621,"""She knows these things."
622,The kings did not emulate the success of Dileep.
623,Let us start the XAMPP services before starting the FrontAccounting interface.
624,This statement prints the address of the variable num.
625,You all sit down.
626,"""Verily verily I say unto you He that believeth on me shall do good works and he that believeth on me shall do even greater works than these: for I go unto my Father."
627,"""And he that is in the field let him not depart except he receive his garment."
628,Student learnt mathematics.
629,The Indian science of memorizing shlokas or mantras is the oldest in the world.
630,I have used Moodle 3.3 and Firefox web browsers. You can use any web browser of your choice.
631,Plants draw water from the ground through their roots.
632,This file is saved in your home folder as txt. Press Enter.
633,You sit down.
634,The mind is restrained and meditates on the inner self.
635,You all sing.
636,"""Hamsa can be shown with Stharaswati the goddess of knowledge wisdom learning music and arts."
637,"""But now that I have spoken the truth have I forgiven you?"
638,Now let us see how to execute the same program in C++.
639,Click on the GL Account Classes link on the Maintenance panel.
640,"""God hath given unto the world his second self that whosoever believeth in him should not perish but have everlasting life."
641,To record this tutorial I am using: Ubuntu 11.04 OS
642,I will name it Account Balance.
643,Keep the default folder as Home Folder.
644,"""And he saw that the mantle and the mantle and the robe were set apart"
645,To follow this tutorial you should have knowledge of Library Science.
646,"""And when Jesus was betrayed into death according to the preordained counsel of God ye laid hold on him and crucified him with the hands of wicked men."
647,Sages were chanting.
648,Maharshi Chyavan was an Indian Vedic sage.
649,This was the place where they all met.
650,Check the performance of each step before increasing the speed.
651,For books and audio files please contact your central controller.
652,In this tutorial we will learn to create groups send messages and notes to students.
653,"""Bees ants flies mosquitoes etc. are examples of insects."
654,The appropriate'Bijmantra' is also chanted along with the names of the Sun God.
655,This opens the File Browser window.
656,Define the question by specifying Minutes and Seconds. Any one in our group will get the answer.
657,Click on Show Layer Mask.
658,Trataka is the practice of focusing on a fixed point of gaze.
659,These plants are used for watering in the garden.
660,You can use the terminal and
661,The FrontAccounting interface opens up.
662,But it is not used by students teachers and students.
663,In this tutorial we will learn about different types of function calls:
664,"""Men have made various machines for a long time but the machine made by nature is unique."
665,"""When shall we see thy strangers and take our place? and when shall we see thee naked and clothe thee?"
666,The first data is in the zero index.
667,In the Menu bar click on Edit and then on Preferences.
668,Make sure that you have completed this tutorial before proceeding further.
669,"""Verily verily I say unto you It shall come to pass in the day of judgment that from henceforth even Sidom and Moriah shall stand fast."
670,Save the file. Press Ctrl S to run the program.
671,"""And Philip dwelt in the village of Bethsaida where Peter and Andrew dwelt."
672,Let us now enumerate this.
673,"""And Jesus knew their thoughts and said unto them Why reason ye with your hearts?"
674,"""(that is Dharmashastra commands that the younger brother should not rule in the presence of the elder brother."
675,Helps to normalize the movement of the breath and helps to rhythmize the breath uniformly.
676,Little water is used.
677,In this tutorial I will cover the basics of GIMP and its features.
678,"""And they took the colt and led him away and threw their clothes on him and killed him."
679,"""For whosoever shall be fruitful in the ministry these shall receive the high office and shall abound in the faith which is in Christ Jesus."
680,It runs from the brain to the end of the vertebrae.
681,Here is an assignment for you: In Mathematics add a new subcategory 2nd Year Maths. Delete the category Miscellaneous.
682,Inhale. Keep the weight of the body on the palms. Lift the head and place it on the floor.
683,Keep the neck in line with the back.
684,Root is sufficient.
685,Switch back to the terminal.
686,Let us move the mouse value inside the box and leave it there.
687,There are four possible common errors and their solutions.
688,Type: cd space slash user slash bin.
689,"""And when he had made an end of eating he saith unto Simon Peter Simon lovest thou me more than these? And he saith unto him Lord thou knowest that I love thee. Jesus saith unto him Shepherd my sheep."
690,I go to File click on Save As and change the file extension from'tif' to'jpg'.
691,Write four reasons why cleanliness is important for humans.
692,ii. To cleanse the skin I should do.............................
693,Different thoughts will come out of the thoughts.
694,At two o'clock he came out of the zoo.
695,Boy displays trust in you all.
696,I will add one and explain later.
697,Grandfathers chanted the name of Krishna.
698,Bend the right leg at the knees and sit on the heels.
699,"""And all the people round about saw him and said unto him Stretch out thine hand and his hand was restored as he had done."
700,"""But Jesus would not answer them: and his disciples came and told him saying This woman cometh after us cry out cast her out."
701,This is a daily tip where you can find useful information.
702,Here we execute a query to delete the returned book from the entry Checkout table.
703,Lokakrutanamaskaras are offered in the main seats in the Bhajan-Gharana and in the main seats at the time of eating.
704,What if we want to delete a directory which contains many files and sub-directories.
705,She does not want any reward.
706,She makes more flowers like this.
707,Marichasana Sthiti - Dandasana
708,"""There is none like unto him"
709,Boy has respect on me.
710,Click on Create a new question button and double-click on the Short answer option.
711,Leopard atoms are blue in colour.
712,As you can see the physical conditions of the earth are changing and so are the changes in the development of organisms.
713,"""But this day we pray that we may see your promises and confirm your faith which is unbroken."
714,"""Therefore in view of social values it is important to provide food."
715,"""And I will drink no more of the fruit of the vinegar until I drink it new."
716,Instantly the download will start. Click on Save File button and click on OK button.
717,"""But the wisdom of God hid and hid that we might know it before the times."
718,It displays a success message.
719,"""And say If we had been in the days of our fathers we would not have been partakers with them in the blood of the prophets."
720,You all can see.
721,Some common applications like Calculator Text Editor Terminal Firefox Web Browser Videos and LibreOffice Suite and Home folder.
722,Notice that the file http://www.txt appears in the Projects window below the file http://www.txt.
723,The Spoken Tutorial Project Team conducts workshops and gives certificates to those who pass an online test.
724,3. How urine is prepared what are the contents of urine?
725,Here I will again give the value of eight for b.
726,The text is contributed by PriyankaMahabhaga.
727,Compile as before.
728,So here we can use these brushes to create a fake water colour or draw a frame around the image.
729,Concentrate on conscious breathing or Pranayama.
730,Practice repeated and vigorous breathing in the body.
731,The children listened to the story.
732,Some of them are beneficial and some are harmful.
733,The item in parentheses can be called as'centering'.
734,"""And they tarried there many days: and as soon as he had begun to speak unto the king and to shew Paul his words one of the prisoners named Felix went in bound with Paul."
735,"""It is made of iron steel iron aluminium etc."
736,Boy displays affection in them.
737,"""After cooking when a person goes to eat next to the person it is called serving."
738,"""In sanskrit jnana bhava the Gita is meant for suffering."
739,Rakshana: One who is the protector of the three worlds.
740,"""For the law of the Spirit of life hath redeemed me from sin and death through Christ Jesus."
741,"""Slowly raise your buttocks stand on your toes and stretch the body as far as you can."
742,I will delete those details as my proxy does not require authentication.
743,"""The devil called for war."
744,"""Yes sir I know it is normal said Gopala."
745,Enter your admin password and click on Authenticate button.
746,Now I will talk about declaring a string.
747,Now let us change the opacity of the arrows.
748,Now let us call the method in the main method.
749,Type: grep space minus i spacewithin double quotes ankit space saraf after the double quotes space
750,If not for relevant tutorials please visit our website.
751,Locate and select a ZIP file of size 30Mb and click on Open.
752,Step 4 Chaturanga Dandasana
753,The error indicates that we have to give an implementation to the Animal interface.
754,"""But if any man offend one of the least of these which believe on me it is better for him to die than for him to be crucified."
755,"""So Judas and Mary conceived and knew him and his son was Hezron the son of Peres."
756,On doing so the Save File window opens up indicating that we want to fill in the File name.
757,Poems are the works of poets.
758,"""Paul answered and said unto him Where I am judged there is Caesar that I may be judged: for thou knowest well that I have not wronged the Jews."
759,"""And there stood the multitude and beheld and their ruler was the world of the devil: he hath saved others: if so be that he which hath the will of God he is the Christ let him save himself."
760,"""They called it country."
761,The streets have the following features:
762,Using another handle we can resize and rotate the star.
763,Course category is set by the admin.
764,Now type: ls space -l space example1 and press Enter.
765,Some zoning patterns are visible. Click on the triangle and drag it on the canvas. Paint it saffron and remove the Stroke.
766,Move the fingers together and straighten the palms like the head.
767,"""Therefore if any man cleanse himself from these things he shall be holy and worthy of the Lord and worthy of all good works and worthy of honour."
768,"""For this is the Father and this is the Christ that walketh in the Spirit and walketh in the truth."
769,It defines a scope by creating a declarative region.
770,Benefits of bacteria
771,"""BakhiYantra was used for stitching clothes before sewing machine came into existence."
772,"""The swarms attract insects with their colour and the stamens produce pollen which travels to the hair of the female and fruits on the flowers."
773,"""And he knew that they had sworn saying Whatever thou shalt ask of me I will give thee."
774,After this practice you can complete your drawing and give your feedback.
775,Now let us begin todays tutorial.
776,We can see that the home page of the Glassfish Server is visible.
777,Move the mouse over the link to get the details of the hyperlink address.
778,Now I have a nice way to get a list of colors.
779,Let me align the CD design layer.
780,"""By the blood of the Lamb and by the word of his testimony they cast him out and loved him not: and every soul is in danger of his own death."
781,Let us run the code. Save and Run.
782,Place your palms on the ground close to the feet.
783,Now I will click on Scale and get the measured image.
784,If the option is not selected by default select Default for Calculus.
785,11 and press the value of Raju into the constructor. So this is it.
786,Now from this field click on the next button.
787,Then resume the lesson.
788,"""Girls give prasad."
789,"""The age must be a positive integer."
790,In this case it should be shown as null because there is less usage.
791,"""And the seven angels which had the seven trumpets drew the seven trumpets and fought with them."
792,I get a good score.
793,Now we will learn how to use the keyword this.
794,I know the book.
795,Spoken Tutorial Team conducts workshops based on these tutorials.
796,"""And they departed and came to Antioch: and they gathered me together and gave me letters."
797,Refer to the following link for more details.
798,"""Do ye not teach yourselves as ye teach others? and steal yourselves as ye preach the gospel of righteousness?"
799,The General menu has two sliders namelyQuality and Fog.
800,Please do not ask us complicated questions. This will avoid confusion and clutter.
801,"""And if they stand not yet they shall be planted again: for it is in the power of God to plant them again."
802,Click on Save.
803,"""Then Jason and his two wives took the money and let them go."
804,It helps to create different quizzes for each academic year or for different groups.
805,A serial number will be displayed which is the PID of the existing shell.
806,1. Asana helps in.....................................................................................................
807,If so please refresh after some time.
808,I wrote a Sanskrit song yesterday.
809,Stretching Asanas Makarasana 1
810,Here the file ABC is encapsulated in XYZ.
811,This is because if you change any method to final you can override it.
812,"""There are those who are brilliant and those who are loved by all are far removed from the ultimate creation and manifestation of the universe."
813,Now enter the password and click on Login.
814,Now let us look at the URL.
815,I will make a copy of the original on the Background layer.
816,Here the first step is to create a sequence record object.
817,He got a boon from the gods.
818,Ancient Indians knew about cow disease.
819,"""No man dares to give up his vow for a good man but no man layeth down his life for a righteous man."
820,Again click on Account Description drop-down box and select Capital option.
821,If the errorMsgs list is not empty we will display the errorMsgs at addUser dot jsp.
822,Now click on Save.
823,"""And what shall we say unto this that Abraham our father hath gained by sport?"
824,Notice that we are using only the default keyword.
825,For more details refer to the following link
826,Again Antialiasing is for soft edges.
827,The tag number 010 is no longer visible on this page.
828,In the Projects window right-click on the file http://www.txt.
829,We will learn how to Reconcile a Bank Account.
830,Boy has faith in you all.
831,We use the const keyword to select the read only variable.
832,To record this tutorial I am using: Ubuntu Linux OS 16.04 and Koha version 16.04
833,"""There is no need for him to sacrifice every day first for his own sins and then for the sins of the people as the chief priests do: for by sacrificing himself he hath gained it together."
834,"""And if the devil cast out Satan and cast him out how shall his kingdom stand?"
835,Click on Go to receipt page.
836,"""And as he walked there came one running and fell on his knees and saith unto him Master what shall I do to inherit eternal life?"
837,If you do not receive any error message please note that Biopython is installed.
838,Next go to the tab 245 TITLE STATEMENT.
839,"""However I do not consider it to be affliction neither do I consider it to be love of my soul which hath gladly finished his course to bear witness of the gospel of the grace of God and to minister unto him whom the Lord hath burdened."
840,"""By this shall we shew ourselves ministers of the glory of God unto all men."
841,Now the space is darker here and this is white sometimes it is very white. So I pull it down.
842,"""And when the multitude saw that the hands were moved many knew him and went out of the way and stood by him in the city."
843,Sometimes the log file does not show the details of the orbitals.
844,Enter your username as Su and press Enter.
845,Once you finish typing check the Correctness field. This shows the correctness of your typing.
846,Now let us look at the laptop.
847,Rotate the body clockwise and counterclockwise from the knees to the lower legs.
848,Scroll down and click on Save changes button.
849,"""May the meritorious goddess Maa Sarasvati who bestows compassion and glory be pleased with us. Come to our side."
850,These muscles become strong.
851,But it doesnt look good. So I will change the text.
852,Now delete the format specifier.
853,People call Goddess Saraswati as Vani.
854,Yajnapati: One who is the master of Yajnas.
855,Click on Save. First of all we will change the header file to < iostream >.
856,Boy displays friendship in them.
857,The code is written in awk BEGIN section.
858,On the course page Forum name appears as a link to the forum.
859,We will add another block. Click on Add a block menu on the left.
860,By default the Unit penalty field shows 0.1. I will change it to 0.5.
861,Sutapa: One who is endowed with beauty.
862,To add a DNA molecule go to Build menu then Insert and then click on DNA/RNA in the sub-menu.
863,Many Tabs are visible in the Preference window.
864,Settings for visiting card
865,Please see for yourself the benefits of using both these commands.
866,what music do you listen to
867,Download details:
868,You can keep your hands on the head but make sure that the hands do not touch the head.
869,Let us summarize. In this tutorial we learnt about:
870,If not add some errors to the logic or algorithm.
871,The scriptures are the proof of the working system.
872,"""And when they had filled the water they knew that there were twenty quarts of water: and when they had gone a little farther they filled the water again: and they saw that there were fifteen quarts of water."
873,You will also learn how to type the keyboard text every time you type.
874,Moodle has various plug-ins for teachers and site administrators.
875,We get the result We have successfully run a java program.
876,If two correct answers are given then 1 whole point is obtained by the student.
877,Which flower?
878,Bhrashtram - This pot is mostly used for cooking rice.
879,The Surfaces settings dialog box opens. Drag the slider to correct the opacity.
880,"""And when all the people saw that they were come out to meet Jesus they besought one another saying Come ye into our borders."
881,Fill in the blanks at the bottom with the appropriate words.
882,Let us login now using username Bella and her password.
883,Fill the air in your chest area and raise the head up while inhaling.
884,This URL is based on the port number and domain name given by sys-ad at the time of installation.
885,It rotates up to 90 degrees.
886,Click on the Home folder.
887,"""But ye shall be filled with joy when ye are rich and when ye are full ye shall be hungry."
888,You can access the connection node by right-clicking on it.
889,Nataraja is also one of the names of Lord Shiva.
890,"""Among the food items one can see that the nutrient content is found in different quantities."
891,"""For God hath not appointed us unto wrath but unto the power of salvation by our Lord Jesus Christ."
892,"""And he said unto them What reason have ye that ye go so far from me?"
893,"""Agrahyah: One who cannot be absorbed by the organs of action."
894,"""And the Supreme Person appeared and shone with great brightness and brought forth the earth and the body out of the womb."
895,Arjuna is here.
896,"""And the God of peace be with you all."
897,Now close this Firefox window.
898,"""And when the prince is come ye shall receive the crown of glory."
899,Okay. So this is the end of the outline and the guide. We come to the end of the document.
900,"""And when they were come thither they set watchmen over him."
901,Boys will wear new clothes.
902,"""This parikrama of the earth completes in 365 days."
903,The included course will appear next to the course to which it is assigned i.e. Admin Course creator Teacher Manager.
904,Rama and Lakshmana searched for Sita for a long time but they could not find her.
905,Food energizes our body.
906,The movements of the joints are very important.
907,3. Nasal - Nasal carries different types of scented messages to the brain.
908,The soldier departs.
909,So I will choose a different color from the background color. How is it here?
910,The Spoken Tutorial team conducts workshops using spoken tutorials.
911,"""The purpose of this practice is to make you aware of the three different components of breathing (Abdominal Chest and Cover and to include them in the complete Yogasana."
912,With this we come to the end of this tutorial.
913,These options are similar to those in other word processor applications.
914,We have successfully installed the XAMPP server.
915,Increase the pressure in the eyes.
916,"""Whosoever is a suckling is not worthy of the word because he is a babysitter."
917,"""And when they were come and had seen all things according to these sayings they made a feast there for the passover."
918,Sage sends his family away.
919,Characters in perspective
920,Exhale and bring the left leg forward beside the right leg and reach down with your upper body and touch the forehead to the knees as in step 2.
921,Let us go back to the terminal and clear the prompt.
922,Here dollar 1 denotes the first field that is roll number. The value is dollar 6 multiplied by zero point 3' and dollar six is the stipend value.
923,Students saw the drama.
924,To do so go to the top right corner. Click on spoken tutorial library. Click on Log out from the drop-down.
925,"""Then will I return unto you and bow myself in the sight of God: for I fear that my wrath may be kindled against this people because they have sinned before and have not repented of their unclean ways."
926,I will leave them blank.
927,INTEXT QUESTIONS 8.3
928,(hash type: space opening angle bracket closing angle bracket.
929,So I go to Filters > > Enhance > > Sharpen.
930,Click on Stop to pause the auto optimization process.
931,3. Varahamihira:
932,The Spoken Tutorial project is a part of the Talk to a Teacher project.
933,With this we have the information to give write permission to the directory.
934,Export the file using eps format and view it.
935,I want to talk more about Paintbrush and selection of paint brushes.
936,"""Naikmaya: One who possesses many qualities."
937,This is the reason why Jesus Christ commended me to God.
938,You are a priest.
939,This brings up the option for'Birthday'.
940,"""Then spake Jesus unto them saying A prophet is not without his country neither his kindred neither his kindred."
941,"""And I saw a dragon and his name was called Death and the Hereafter followed him: and the sword and the famine and the pestilence and the beast of the field slew the people and gave him dominion over the four quarters of the earth."
942,iv. cerebrum
943,We started well with image cropping and in the next tutorial I will show you what you can do with images.
944,Let me go to the terminal and empty it.
945,Now let us come back to the slides and learn about the main function.
946,"""Bhakti affects bliss transcendental bliss peace and knowledge."
947,"""Those who have good stewardship of the church and especially those who are careful to obey the word of God are worthy of double honor."
948,"""Behold a man is justified by works and not by faith without works."
949,"""And when he had finished all his course Paul determined to go up to Jerusalem from Macedonia and Canaan saying It is true when I came thither I must see Rome."
950,The output will display the GC content in percentage.
951,It should look like a mirror.
952,Notice that all C files have the extension dot C.
953,Sadgati: One whose speed is supreme.
954,So I select the Clone Tool and resize the brush.
955,"""For he hath made all things through Jesus Christ that the multitude of the things of God might be made manifest through the church unto the angels of heaven in the order of precedence."
956,Kada: It is a small plant. It grows up to 6 meter in height. Its leaves are parallel and numbered.
957,As a result we see Hello Space World.
958,At the prompt type the date space plus percentage symbol with a small h and press Enter.
959,"""And the Lord shewed kindness unto the house of Joseph because he hath called me again."
960,Browse through the folder path at the bottom.
961,A feature of Ubuntu Linux OS is that there are many workspaces or desktops.
962,In the new window that opens here enter the username you want. I will enter frontacc as the username.
963,A message appears at the top saying Journal entry has been entered
964,Search for the image to be uploaded.
965,"""That we might be able to serve the new law not in the letter but in the Spirit: for the letter is death but the Spirit is life."
966,The data in the Level field is now displayed as 2.
967,It works on Linux Mac OS and Windows.
968,---Add the audio @ http://tutorial nstallation of FrontAccounting on Window OS timing 16.04 to 16.04----
969,The following five plants are well known for their divine qualities and relationship with God.
970,"""Behold I give unto you power to tread on serpents and scorpions and to tread on every foot and no hurt shall befall you."
971,"""Inhale inhale without any pressure this breath should be filled normally."
972,"""How is it written among you A man shall leave his father and mother and be joined to his wife and the two shall become one flesh"
973,"""And the angel said unto her What sayest thou then? for I am old and my wife is old."
974,So here we are only mentioning the changes.
975,Fill in the fields in this section if you want the students to customize their position.
976,On the Home page click on Cataloging.
977,while loop
978,The output of ls command acts as input to wc command.
979,Connect the printer to the computer.
980,"""And the rest of the people laid hold on wood or on sackcloth or on every thing that was found: and they all fell to the ground and lived."
981,If all the conditions are false the last Else section is executed.
982,Select MMFF94 Force Field and click on Start button.
983,Bhutakrutah: One who creates all living beings.
984,A file has a name a set of religions or an administrator list that contains the creation and modification dates of the files and their permissions.
985,"""Fire has three qualities sound touch and taste."
986,Demonstrate geometry and structure of nanotubes in coordination compounds.
987,This prevents the engine from overheating.
988,There are eyes on both the sides of the nose.
989,In'Bcc' we can see that it says bcc and bcc.
990,Here the first field is the roll number and the sixth field is the stipend of the student.
991,How to Add and Remove Blocks in Admin's Dashboard Tutorial
992,"""There are many ancient Indian texts which give rules for the protection and health of cows."
993,"""And ye are called by Jesus Christ even as the Gentiles are called by his name which are the stewards of the world."
994,"""Inhale deeply exhale deeply."
995,"""But Peter remembered that Jesus had said Before the rooster crows thou shalt trample me."
996,Patient gives thanks to doctor for cure.
997,"""And Nathanael said unto him Can any good man come out of Nazareth? And Philip said unto him Come hither and see."
998,So let me pull the toolbox up and here it is.
999,There are settings to edit hide duplicate and delete the resource. The details are available here.
1000,"""Let the body stretch a bit open the eyes and relax the body completely."
